model,task_id,track,original_status,recovery_status,original_practical_score,recovery_practical_score,recovery_scoreable,recovery_selected,selected_practical_score,selection_reason,reliability_annotation
deepseek-r1:8b,CODE_08,code,truncated_before_final,truncated,,0.0,True,True,0.0,scoreable_recovery_replaces_unscored_original,recovered_under_relaxed_budget
deepseek-r1:8b,CORE_EXT_04,core,truncated_before_final,completed,,100.0,True,True,100.0,scoreable_recovery_replaces_unscored_original,recovered_under_relaxed_budget
deepseek-r1:8b,CORE_LOGIC_01,core,truncated_before_final,completed,,100.0,True,True,100.0,scoreable_recovery_replaces_unscored_original,recovered_under_relaxed_budget
deepseek-r1:8b,CTX32_02,long_context,truncated_before_final,truncated,,100.0,True,True,100.0,scoreable_recovery_replaces_unscored_original,recovered_under_relaxed_budget
deepseek-r1:8b,RSN_01,reasoning,absolute_timeout,completed,,0.0,True,True,0.0,scoreable_recovery_replaces_unscored_original,recovered_under_relaxed_budget
deepseek-r1:8b,RSN_07,reasoning,absolute_timeout,absolute_timeout,,,False,False,,recovery_not_scoreable,original_result_retained
qwen3.5:4b,CODE_08,code,truncated_before_final,completed,,20.0,True,True,20.0,scoreable_recovery_replaces_unscored_original,recovered_under_relaxed_budget
qwen3.5:4b,CORE_LOGIC_04,core,truncated_before_final,completed,,15.0,True,True,15.0,scoreable_recovery_replaces_unscored_original,recovered_under_relaxed_budget
qwen3.5:4b,OCR_04,ocr,truncated_before_final,completed,,17.160494,True,True,17.160494,scoreable_recovery_replaces_unscored_original,recovered_under_relaxed_budget
qwen3.5:4b,OCR_05,ocr,truncated_before_final,completed,,31.176471,True,True,31.176471,scoreable_recovery_replaces_unscored_original,recovered_under_relaxed_budget
qwen3.5:4b,OCR_06,ocr,truncated_before_final,completed,,35.441696,True,True,35.441696,scoreable_recovery_replaces_unscored_original,recovered_under_relaxed_budget
qwen3.5:4b,OCR_07,ocr,truncated_before_final,completed,,60.0,True,True,60.0,scoreable_recovery_replaces_unscored_original,recovered_under_relaxed_budget
qwen3.5:4b,OCR_10,ocr,truncated_before_final,completed,,100.0,True,True,100.0,scoreable_recovery_replaces_unscored_original,recovered_under_relaxed_budget
qwen3.5:4b,RSN_04,reasoning,truncated_before_final,truncated_before_final,,,False,False,,recovery_not_scoreable,original_result_retained
qwen3.5:4b,RSN_07,reasoning,truncated_before_final,truncated_before_final,,,False,False,,recovery_not_scoreable,original_result_retained
qwen3.5:4b,TRANS_01,translation,truncated_before_final,completed,,80.0,True,True,80.0,scoreable_recovery_replaces_unscored_original,recovered_under_relaxed_budget
qwen3.5:4b,TRANS_03,translation,truncated_before_final,completed,,100.0,True,True,100.0,scoreable_recovery_replaces_unscored_original,recovered_under_relaxed_budget
qwen3.5:4b,TRANS_04,translation,truncated_before_final,completed,,100.0,True,True,100.0,scoreable_recovery_replaces_unscored_original,recovered_under_relaxed_budget
qwen3.5:4b,VIS_02,vision,truncated_before_final,completed,,100.0,True,True,100.0,scoreable_recovery_replaces_unscored_original,recovered_under_relaxed_budget
qwen3.5:4b,VIS_03,vision,truncated_before_final,completed,,100.0,True,True,100.0,scoreable_recovery_replaces_unscored_original,recovered_under_relaxed_budget
qwen3.5:4b,VIS_05,vision,truncated_before_final,completed,,100.0,True,True,100.0,scoreable_recovery_replaces_unscored_original,recovered_under_relaxed_budget
qwen3.5:4b,VIS_08,vision,truncated_before_final,completed,,100.0,True,True,100.0,scoreable_recovery_replaces_unscored_original,recovered_under_relaxed_budget
qwen3.5:9b,CODE_07,code,truncated_before_final,completed,,100.0,True,True,100.0,scoreable_recovery_replaces_unscored_original,recovered_under_relaxed_budget
qwen3.5:9b,CORE_LOGIC_04,core,truncated_before_final,completed,,15.0,True,True,15.0,scoreable_recovery_replaces_unscored_original,recovered_under_relaxed_budget
qwen3.5:9b,OCR_03,ocr,truncated_before_final,completed,,60.0,True,True,60.0,scoreable_recovery_replaces_unscored_original,recovered_under_relaxed_budget
qwen3.5:9b,OCR_10,ocr,truncated_before_final,completed,,60.0,True,True,60.0,scoreable_recovery_replaces_unscored_original,recovered_under_relaxed_budget
qwen3.5:9b,RSN_07,reasoning,truncated_before_final,completed,,100.0,True,True,100.0,scoreable_recovery_replaces_unscored_original,recovered_under_relaxed_budget
qwen3.5:9b,TRANS_03,translation,truncated_before_final,completed,,100.0,True,True,100.0,scoreable_recovery_replaces_unscored_original,recovered_under_relaxed_budget
qwen3.5:9b,TRANS_04,translation,truncated_before_final,completed,,80.0,True,True,80.0,scoreable_recovery_replaces_unscored_original,recovered_under_relaxed_budget
qwen3.5:9b,TRANS_05,translation,truncated_before_final,completed,,100.0,True,True,100.0,scoreable_recovery_replaces_unscored_original,recovered_under_relaxed_budget
qwen3.5:9b,VIS_04,vision,truncated_before_final,completed,,0.0,True,True,0.0,scoreable_recovery_replaces_unscored_original,recovered_under_relaxed_budget
olmo-3:7b-think,CODE_08,code,truncated_before_final,completed,,100.0,True,True,100.0,scoreable_recovery_replaces_unscored_original,recovered_under_relaxed_budget
olmo-3:7b-think,CORE_LOGIC_04,core,truncated_before_final,truncated_before_final,,,False,False,,recovery_not_scoreable,original_result_retained
olmo-3:7b-think,CTX32_02,long_context,truncated_before_final,truncated_before_final,,,False,False,,recovery_not_scoreable,original_result_retained
olmo-3:7b-think,PERF_COLD_01,performance,truncated_before_final,truncated_before_final,,,False,False,,recovery_not_scoreable,original_result_retained
olmo-3:7b-think,PERF_WARM_01,performance,truncated_before_final,truncated,,,False,False,,recovery_not_scoreable,original_result_retained
olmo-3:7b-think,TRANS_03,translation,truncated_before_final,completed,,70.0,True,True,70.0,scoreable_recovery_replaces_unscored_original,recovered_under_relaxed_budget
olmo-3:7b-think,TRANS_04,translation,truncated_before_final,completed,,90.0,True,True,90.0,scoreable_recovery_replaces_unscored_original,recovered_under_relaxed_budget
olmo-3:7b-think,RSN_07,reasoning,absolute_timeout,absolute_timeout,,,False,False,,recovery_not_scoreable,original_result_retained
qwen3-vl:8b,TRANS_04,translation,truncated_before_final,completed,,100.0,True,True,100.0,scoreable_recovery_replaces_unscored_original,recovered_under_relaxed_budget
qwen3-vl:8b,TRANS_06,translation,truncated_before_final,completed,,100.0,True,True,100.0,scoreable_recovery_replaces_unscored_original,recovered_under_relaxed_budget
qwen3-vl:8b,RSN_01,reasoning,absolute_timeout,completed,,0.0,True,True,0.0,scoreable_recovery_replaces_unscored_original,recovered_under_relaxed_budget
smollm2:1.7b,TOOL_03,tools,tool_loop_limit,tool_loop_limit,60.0,60.0,True,False,60.0,original_score_not_improved,original_result_retained
smollm2:1.7b,TOOL_04,tools,tool_loop_limit,completed,45.0,90.0,True,True,90.0,higher_practical_score,recovered_under_relaxed_budget
smollm2:1.7b,TOOL_05,tools,tool_loop_limit,completed,45.0,55.0,True,True,55.0,higher_practical_score,recovered_under_relaxed_budget
smollm2:1.7b,TOOL_07,tools,tool_loop_limit,completed,60.0,73.333333,True,True,73.333333,higher_practical_score,recovered_under_relaxed_budget
smollm2:1.7b,TOOL_08,tools,tool_loop_limit,completed,60.0,57.5,True,False,60.0,original_score_not_improved,original_result_retained
openbmb/minicpm5:Q4_K_M,TOOL_06,tools,tool_loop_limit,completed,60.0,67.5,True,True,67.5,higher_practical_score,recovered_under_relaxed_budget
openbmb/minicpm5:Q4_K_M,TOOL_08,tools,tool_loop_limit,completed,60.0,90.0,True,True,90.0,higher_practical_score,recovered_under_relaxed_budget
nemotron-3-nano:4b,TOOL_07,tools,tool_not_found,tool_not_found,40.0,31.666667,True,False,40.0,original_score_not_improved,original_result_retained
